publication_title	print_identifier	online_identifier	date_first_issue_online	num_first_vol_online	num_first_issue_online	date_last_issue_online	num_last_vol_online	num_last_issue_online	title_url	first_author	title_id	embargo_info	coverage_depth	notes	publisher_name	publication_type	date_monograph_published_print	date_monograph_published_online	monograph_volume	monograph_edition	first_editor	parent_publication_title_id	preceding_publication_title_id	access_type
Unités de mesure SI									https://www.techniques-ingenieur.fr/base-documentaire/archives-th12/archives-mathematiques-pour-l-ingenieur-tiafm/archive-1/unites-de-mesure-si-23/	Courtier	archive-1/unites-de-mesure-si-23		fulltext	https://doi.org/10.51257/a-v1-23	Editions T.I.	monograph		1994						P
Classification périodique des éléments									https://www.techniques-ingenieur.fr/base-documentaire/archives-th12/archives-mathematiques-pour-l-ingenieur-tiafm/archive-1/classification-periodique-des-elements-25/	Valeur	archive-1/classification-periodique-des-elements-25		fulltext	https://doi.org/10.51257/a-v1-25	Editions T.I.	monograph		2006						P
Topologie									https://www.techniques-ingenieur.fr/base-documentaire/archives-th12/archives-mathematiques-pour-l-ingenieur-tiafm/archive-1/topologie-a100/	Warusfel	archive-1/topologie-a100		fulltext	https://doi.org/10.51257/a-v1-a100	Editions T.I.	monograph		1993						P
Analyse fonctionnelle									https://www.techniques-ingenieur.fr/base-documentaire/archives-th12/archives-mathematiques-pour-l-ingenieur-tiafm/archive-1/analyse-fonctionnelle-a101/	Warusfel	archive-1/analyse-fonctionnelle-a101		fulltext	https://doi.org/10.51257/a-v1-a101	Editions T.I.	monograph		1994						P
Extrapolation									https://www.techniques-ingenieur.fr/base-documentaire/archives-th12/archives-mathematiques-pour-l-ingenieur-tiafm/archive-1/extrapolation-a114/	Drouhin	archive-1/extrapolation-a114		fulltext	https://doi.org/10.51257/a-v1-a114	Editions T.I.	monograph		1965						P
Modèles et modélisation en électrotechnique									https://www.techniques-ingenieur.fr/base-documentaire/archives-th12/archives-mathematiques-pour-l-ingenieur-tiafm/archive-1/modeles-et-modelisation-en-electrotechnique-a1207/	Bossavit	archive-1/modeles-et-modelisation-en-electrotechnique-a1207		fulltext	https://doi.org/10.51257/a-v1-a1207	Editions T.I.	monograph		1991						P
Les tenseurs et leurs applications									https://www.techniques-ingenieur.fr/base-documentaire/archives-th12/archives-mathematiques-pour-l-ingenieur-tiafm/archive-1/les-tenseurs-et-leurs-applications-a1210/	Lanchon-ducauquis	archive-1/les-tenseurs-et-leurs-applications-a1210		fulltext	https://doi.org/10.51257/a-v1-a1210	Editions T.I.	monograph		1989						P
Problèmes en élasticité semi-classique. Modélisation et résolution									https://www.techniques-ingenieur.fr/base-documentaire/archives-th12/archives-mathematiques-pour-l-ingenieur-tiafm/archive-1/problemes-en-elasticite-semi-classique-modelisation-et-resolution-a1212/	Lanchon-ducauquis	archive-1/problemes-en-elasticite-semi-classique-modelisation-et-resolution-a1212		fulltext	https://doi.org/10.51257/a-v1-a1212	Editions T.I.	monograph		1991						P
Distributions et équations aux dérivées partielles									https://www.techniques-ingenieur.fr/base-documentaire/archives-th12/archives-mathematiques-pour-l-ingenieur-tiafm/archive-1/distributions-et-equations-aux-derivees-partielles-a1230a/	Artola	archive-1/distributions-et-equations-aux-derivees-partielles-a1230a		fulltext	https://doi.org/10.51257/a-v1-a1230a	Editions T.I.	monograph		1990						P
Calcul différentiel									https://www.techniques-ingenieur.fr/base-documentaire/archives-th12/archives-mathematiques-pour-l-ingenieur-tiafm/archive-1/calcul-differentiel-a133/	G. dhombres	archive-1/calcul-differentiel-a133		fulltext	https://doi.org/10.51257/a-v1-a133	Editions T.I.	monograph		1974						P
Problèmes classiques de dynamiques stochastiques : méthodes d’études									https://www.techniques-ingenieur.fr/base-documentaire/archives-th12/archives-mathematiques-pour-l-ingenieur-tiafm/archive-1/problemes-classiques-de-dynamiques-stochastiques-methodes-d-etudes-a1346/	Soize	archive-1/problemes-classiques-de-dynamiques-stochastiques-methodes-d-etudes-a1346		fulltext	https://doi.org/10.51257/a-v1-a1346	Editions T.I.	monograph		1988						P
ÉTUDES DES PROBLÈMES DE DYNAMIQUES STOCHASTIQUES									https://www.techniques-ingenieur.fr/base-documentaire/archives-th12/archives-mathematiques-pour-l-ingenieur-tiafm/archive-1/etudes-des-problemes-de-dynamiques-stochastiques-a1347/		archive-1/etudes-des-problemes-de-dynamiques-stochastiques-a1347		fulltext	https://doi.org/10.51257/a-v1-a1347	Editions T.I.	monograph		1988						P
ÉTUDES DES PROBLÈMES DE DYNAMIQUES STOCHASTIQUES									https://www.techniques-ingenieur.fr/base-documentaire/archives-th12/archives-mathematiques-pour-l-ingenieur-tiafm/archive-1/etudes-des-problemes-de-dynamiques-stochastiques-a1348/		archive-1/etudes-des-problemes-de-dynamiques-stochastiques-a1348		fulltext	https://doi.org/10.51257/a-v1-a1348	Editions T.I.	monograph		1988						P
Automatique et systèmes									https://www.techniques-ingenieur.fr/base-documentaire/archives-th12/archives-mathematiques-pour-l-ingenieur-tiafm/archive-1/automatique-et-systemes-a1370/	Baratchart	archive-1/automatique-et-systemes-a1370		fulltext	https://doi.org/10.51257/a-v1-a1370	Editions T.I.	monograph		1992						P
Fonctions analytiques									https://www.techniques-ingenieur.fr/base-documentaire/archives-th12/archives-mathematiques-pour-l-ingenieur-tiafm/archive-1/fonctions-analytiques-a138/	Robba	archive-1/fonctions-analytiques-a138		fulltext	https://doi.org/10.51257/a-v1-a138	Editions T.I.	monograph		1970						P
Quaternions									https://www.techniques-ingenieur.fr/base-documentaire/archives-th12/archives-mathematiques-pour-l-ingenieur-tiafm/archive-1/quaternions-a140/	Radix	archive-1/quaternions-a140		fulltext	https://doi.org/10.51257/a-v1-a140	Editions T.I.	monograph		1981						P
Calcul formel									https://www.techniques-ingenieur.fr/base-documentaire/archives-th12/archives-mathematiques-pour-l-ingenieur-tiafm/archive-1/calcul-formel-a144/	Gomez	archive-1/calcul-formel-a144		fulltext	https://doi.org/10.51257/a-v1-a144	Editions T.I.	monograph		1995						P
Fonctions spéciales									https://www.techniques-ingenieur.fr/base-documentaire/archives-th12/archives-mathematiques-pour-l-ingenieur-tiafm/archive-1/fonctions-speciales-a152/	Colombo	archive-1/fonctions-speciales-a152		fulltext	https://doi.org/10.51257/a-v1-a152	Editions T.I.	monograph		1973						P
Équations aux dérivées partielles									https://www.techniques-ingenieur.fr/base-documentaire/archives-th12/archives-mathematiques-pour-l-ingenieur-tiafm/archive-1/equations-aux-derivees-partielles-a155/	Colombo	archive-1/equations-aux-derivees-partielles-a155		fulltext	https://doi.org/10.51257/a-v1-a155	Editions T.I.	monograph		1976						P
Théorie des graphes									https://www.techniques-ingenieur.fr/base-documentaire/archives-th12/archives-mathematiques-pour-l-ingenieur-tiafm/archive-1/theorie-des-graphes-a158/	Eugène	archive-1/theorie-des-graphes-a158		fulltext	https://doi.org/10.51257/a-v1-a158	Editions T.I.	monograph		1970						P
Probabilités									https://www.techniques-ingenieur.fr/base-documentaire/archives-th12/archives-mathematiques-pour-l-ingenieur-tiafm/archive-1/probabilites-a165/	Lamboley	archive-1/probabilites-a165		fulltext	https://doi.org/10.51257/a-v1-a165	Editions T.I.	monograph		1969						P
Statistiques									https://www.techniques-ingenieur.fr/base-documentaire/archives-th12/archives-mathematiques-pour-l-ingenieur-tiafm/archive-1/statistiques-a166/	Lamboley	archive-1/statistiques-a166		fulltext	https://doi.org/10.51257/a-v1-a166	Editions T.I.	monograph		1970						P
Probabilités. Statistiques									https://www.techniques-ingenieur.fr/base-documentaire/archives-th12/archives-mathematiques-pour-l-ingenieur-tiafm/archive-1/probabilites-statistiques-a169/	Mothes	archive-1/probabilites-statistiques-a169		fulltext	https://doi.org/10.51257/a-v1-a169	Editions T.I.	monograph		1969						P
Physique									https://www.techniques-ingenieur.fr/base-documentaire/archives-th12/archives-mathematiques-pour-l-ingenieur-tiafm/archive-1/physique-a185/	Isabelle	archive-1/physique-a185		fulltext	https://doi.org/10.51257/a-v1-a185	Editions T.I.	monograph		1992						P
Noyaux et particules									https://www.techniques-ingenieur.fr/base-documentaire/archives-th12/archives-mathematiques-pour-l-ingenieur-tiafm/archive-1/noyaux-et-particules-a210/	Netter	archive-1/noyaux-et-particules-a210		fulltext	https://doi.org/10.51257/a-v1-a210	Editions T.I.	monograph		1978						P
Interaction du rayonnement avec la matière									https://www.techniques-ingenieur.fr/base-documentaire/archives-th12/archives-mathematiques-pour-l-ingenieur-tiafm/archive-1/interaction-du-rayonnement-avec-la-matiere-a214/	Chevallier	archive-1/interaction-du-rayonnement-avec-la-matiere-a214		fulltext	https://doi.org/10.51257/a-v1-a214	Editions T.I.	monograph		1986						P
Thermodynamique Introduction									https://www.techniques-ingenieur.fr/base-documentaire/archives-th12/archives-mathematiques-pour-l-ingenieur-tiafm/archive-1/thermodynamique-introduction-a222/	Fayard	archive-1/thermodynamique-introduction-a222		fulltext	https://doi.org/10.51257/a-v1-a222	Editions T.I.	monograph		1978						P
Thermodynamique macroscopique									https://www.techniques-ingenieur.fr/base-documentaire/archives-th12/archives-mathematiques-pour-l-ingenieur-tiafm/archive-1/thermodynamique-macroscopique-a223/	Fabréga	archive-1/thermodynamique-macroscopique-a223		fulltext	https://doi.org/10.51257/a-v1-a223	Editions T.I.	monograph		1978						P
Thermodynamique chimique, Application aux équilibres complexes									https://www.techniques-ingenieur.fr/base-documentaire/archives-th12/archives-mathematiques-pour-l-ingenieur-tiafm/archive-1/thermodynamique-chimique-application-aux-equilibres-complexes-a226/	Ansara	archive-1/thermodynamique-chimique-application-aux-equilibres-complexes-a226		fulltext	https://doi.org/10.51257/a-v1-a226	Editions T.I.	monograph		1978						P
Thermodynamique statistique									https://www.techniques-ingenieur.fr/base-documentaire/archives-th12/archives-mathematiques-pour-l-ingenieur-tiafm/archive-1/thermodynamique-statistique-a227/	Chatillon-colinet	archive-1/thermodynamique-statistique-a227		fulltext	https://doi.org/10.51257/a-v1-a227	Editions T.I.	monograph		1980						P
Verres									https://www.techniques-ingenieur.fr/base-documentaire/archives-th12/archives-mathematiques-pour-l-ingenieur-tiafm/archive-1/verres-a238/	Zarzycki	archive-1/verres-a238		fulltext	https://doi.org/10.51257/a-v1-a238	Editions T.I.	monograph		1987						P
Imperfections cristallines hors surface									https://www.techniques-ingenieur.fr/base-documentaire/archives-th12/archives-mathematiques-pour-l-ingenieur-tiafm/archive-1/imperfections-cristallines-hors-surface-a243/	Kubin	archive-1/imperfections-cristallines-hors-surface-a243		fulltext	https://doi.org/10.51257/a-v1-a243	Editions T.I.	monograph		1987						P
Structure électronique des solides									https://www.techniques-ingenieur.fr/base-documentaire/archives-th12/archives-mathematiques-pour-l-ingenieur-tiafm/archive-1/structure-electronique-des-solides-a244/	Averbuch	archive-1/structure-electronique-des-solides-a244		fulltext	https://doi.org/10.51257/a-v1-a244	Editions T.I.	monograph		1985						P
Calcul des structures									https://www.techniques-ingenieur.fr/base-documentaire/archives-th12/archives-mathematiques-pour-l-ingenieur-tiafm/archive-1/calcul-des-structures-a300/	Courbon	archive-1/calcul-des-structures-a300		fulltext	https://doi.org/10.51257/a-v1-a300	Editions T.I.	monograph		1979						P
Calcul des structures, Notations									https://www.techniques-ingenieur.fr/base-documentaire/archives-th12/archives-mathematiques-pour-l-ingenieur-tiafm/archive-1/calcul-des-structures-notations-a301/	Courbon	archive-1/calcul-des-structures-notations-a301		fulltext	https://doi.org/10.51257/a-v1-a301	Editions T.I.	monograph		1979						P
Calcul des structures, Déformations et contraintes dans un milieu continu									https://www.techniques-ingenieur.fr/base-documentaire/archives-th12/archives-mathematiques-pour-l-ingenieur-tiafm/archive-1/calcul-des-structures-deformations-et-contraintes-dans-un-milieu-continu-a303/	Courbon	archive-1/calcul-des-structures-deformations-et-contraintes-dans-un-milieu-continu-a303		fulltext	https://doi.org/10.51257/a-v1-a303	Editions T.I.	monograph		1979						P
Calcul des structures, Théorie de l'élasticité									https://www.techniques-ingenieur.fr/base-documentaire/archives-th12/archives-mathematiques-pour-l-ingenieur-tiafm/archive-1/calcul-des-structures-theorie-de-l-elasticite-a305/	Courbon	archive-1/calcul-des-structures-theorie-de-l-elasticite-a305		fulltext	https://doi.org/10.51257/a-v1-a305	Editions T.I.	monograph		1979						P
Mathématiques									https://www.techniques-ingenieur.fr/base-documentaire/archives-th12/archives-mathematiques-pour-l-ingenieur-tiafm/archive-1/mathematiques-a30/	Warusfel	archive-1/mathematiques-a30		fulltext	https://doi.org/10.51257/a-v1-a30	Editions T.I.	monograph		1994						P
Calcul des structures, Plaques minces élastiques									https://www.techniques-ingenieur.fr/base-documentaire/archives-th12/archives-mathematiques-pour-l-ingenieur-tiafm/archive-1/calcul-des-structures-plaques-minces-elastiques-a310/	Courbon	archive-1/calcul-des-structures-plaques-minces-elastiques-a310		fulltext	https://doi.org/10.51257/a-v1-a310	Editions T.I.	monograph		1980						P
Calcul des structures, Voiles minces									https://www.techniques-ingenieur.fr/base-documentaire/archives-th12/archives-mathematiques-pour-l-ingenieur-tiafm/archive-1/calcul-des-structures-voiles-minces-a320/	Courbon	archive-1/calcul-des-structures-voiles-minces-a320		fulltext	https://doi.org/10.51257/a-v1-a320	Editions T.I.	monograph		1979						P
Calcul des structures, Méthodes de calcul des structures élastiques									https://www.techniques-ingenieur.fr/base-documentaire/archives-th12/archives-mathematiques-pour-l-ingenieur-tiafm/archive-1/calcul-des-structures-methodes-de-calcul-des-structures-elastiques-a330/	Courbon	archive-1/calcul-des-structures-methodes-de-calcul-des-structures-elastiques-a330		fulltext	https://doi.org/10.51257/a-v1-a330	Editions T.I.	monograph		1980						P
Calcul des structures, Théorie de la plasticité									https://www.techniques-ingenieur.fr/base-documentaire/archives-th12/archives-mathematiques-pour-l-ingenieur-tiafm/archive-1/calcul-des-structures-theorie-de-la-plasticite-a350/	Courbon	archive-1/calcul-des-structures-theorie-de-la-plasticite-a350		fulltext	https://doi.org/10.51257/a-v1-a350	Editions T.I.	monograph		1981						P
Calcul des structures, Charges limites des plaques minces									https://www.techniques-ingenieur.fr/base-documentaire/archives-th12/archives-mathematiques-pour-l-ingenieur-tiafm/archive-1/calcul-des-structures-charges-limites-des-plaques-minces-a355/	Courbon	archive-1/calcul-des-structures-charges-limites-des-plaques-minces-a355		fulltext	https://doi.org/10.51257/a-v1-a355	Editions T.I.	monograph		1983						P
Nombres réels									https://www.techniques-ingenieur.fr/base-documentaire/archives-th12/archives-mathematiques-pour-l-ingenieur-tiafm/archive-1/nombres-reels-a35/	G. dhombres	archive-1/nombres-reels-a35		fulltext	https://doi.org/10.51257/a-v1-a35	Editions T.I.	monograph		1981						P
Fractions rationnelles									https://www.techniques-ingenieur.fr/base-documentaire/archives-th12/archives-mathematiques-pour-l-ingenieur-tiafm/archive-1/fractions-rationnelles-a45/	G. dhombres	archive-1/fractions-rationnelles-a45		fulltext	https://doi.org/10.51257/a-v1-a45	Editions T.I.	monograph		1981						P
Exponentielles et logarithmes									https://www.techniques-ingenieur.fr/base-documentaire/archives-th12/archives-mathematiques-pour-l-ingenieur-tiafm/archive-1/exponentielles-et-logarithmes-a51/	G. dhombres	archive-1/exponentielles-et-logarithmes-a51		fulltext	https://doi.org/10.51257/a-v1-a51	Editions T.I.	monograph		1977						P
Calcul des probabilités Concepts et résultats de base									https://www.techniques-ingenieur.fr/base-documentaire/archives-th12/archives-mathematiques-pour-l-ingenieur-tiafm/archive-1/calcul-des-probabilites-concepts-et-resultats-de-base-a560/	Fouque	archive-1/calcul-des-probabilites-concepts-et-resultats-de-base-a560		fulltext	https://doi.org/10.51257/a-v1-a560	Editions T.I.	monograph		1993						P
Fonctions trigonométriques, Tables									https://www.techniques-ingenieur.fr/base-documentaire/archives-th12/archives-mathematiques-pour-l-ingenieur-tiafm/archive-1/fonctions-trigonometriques-tables-a61/	G. dhombres	archive-1/fonctions-trigonometriques-tables-a61		fulltext	https://doi.org/10.51257/a-v1-a61	Editions T.I.	monograph		1976						P
Équations aux dérivées partielles									https://www.techniques-ingenieur.fr/base-documentaire/archives-th12/archives-mathematiques-pour-l-ingenieur-tiafm/archive-1/equations-aux-derivees-partielles-a650/	Rapin	archive-1/equations-aux-derivees-partielles-a650		fulltext	https://doi.org/10.51257/a-v1-a650	Editions T.I.	monograph		1993						P
Équations différentielles									https://www.techniques-ingenieur.fr/base-documentaire/archives-th12/archives-mathematiques-pour-l-ingenieur-tiafm/archive-1/equations-differentielles-a652/	Rapin	archive-1/equations-differentielles-a652		fulltext	https://doi.org/10.51257/a-v1-a652	Editions T.I.	monograph		1993						P
Équations intégrales									https://www.techniques-ingenieur.fr/base-documentaire/archives-th12/archives-mathematiques-pour-l-ingenieur-tiafm/archive-1/equations-integrales-a654/	Rapin	archive-1/equations-integrales-a654		fulltext	https://doi.org/10.51257/a-v1-a654	Editions T.I.	monograph		1983						P
Méthode des éléments finis									https://www.techniques-ingenieur.fr/base-documentaire/archives-th12/archives-mathematiques-pour-l-ingenieur-tiafm/archive-1/methode-des-elements-finis-a656/	Rapin	archive-1/methode-des-elements-finis-a656		fulltext	https://doi.org/10.51257/a-v1-a656	Editions T.I.	monograph		1993						P
Méthode des équations intégrales sur le contour									https://www.techniques-ingenieur.fr/base-documentaire/archives-th12/archives-mathematiques-pour-l-ingenieur-tiafm/archive-1/methode-des-equations-integrales-sur-le-contour-a658/	Lachat	archive-1/methode-des-equations-integrales-sur-le-contour-a658		fulltext	https://doi.org/10.51257/a-v1-a658	Editions T.I.	monograph		1993						P
Mécanique des fluides									https://www.techniques-ingenieur.fr/base-documentaire/archives-th12/archives-mathematiques-pour-l-ingenieur-tiafm/archive-1/mecanique-des-fluides-a700a/	Fortier	archive-1/mecanique-des-fluides-a700a		fulltext	https://doi.org/10.51257/a-v1-a700a	Editions T.I.	monograph		1974						P
Ecoulements variés									https://www.techniques-ingenieur.fr/base-documentaire/archives-th12/archives-mathematiques-pour-l-ingenieur-tiafm/archive-1/ecoulements-varies-a730/	Pichard	archive-1/ecoulements-varies-a730		fulltext	https://doi.org/10.51257/a-v1-a730	Editions T.I.	monograph		1971						P
Dérivées . Primitives (table)									https://www.techniques-ingenieur.fr/base-documentaire/archives-th12/archives-mathematiques-pour-l-ingenieur-tiafm/archive-1/derivees-primitives-table-a91/		archive-1/derivees-primitives-table-a91		fulltext	https://doi.org/10.51257/a-v1-a91	Editions T.I.	monograph		1974						P
Mathématiques fondamentales : analyse									https://www.techniques-ingenieur.fr/base-documentaire/sciences-fondamentales-th8/mathematiques-fondamentales-analyse-42103210/		mathematiques-fondamentales-analyse-42103210		fulltext		Editions T.I.	monograph								P
Unités légales et facteurs de conversion									https://www.techniques-ingenieur.fr/base-documentaire/sciences-fondamentales-th8/mathematiques-fondamentales-analyse-42103210/unites-legales-et-facteurs-de-conversion-24/	Courtier	unites-legales-et-facteurs-de-conversion-24		fulltext	https://doi.org/10.51257/a-v1-24	Editions T.I.	monograph		1994				mathematiques-fondamentales-analyse-42103210		P
Intégration									https://www.techniques-ingenieur.fr/base-documentaire/sciences-fondamentales-th8/mathematiques-fondamentales-analyse-42103210/integration-a110/	Lino	integration-a110		fulltext	https://doi.org/10.51257/a-v1-a110	Editions T.I.	monograph		1996				mathematiques-fondamentales-analyse-42103210		P
Introduction à la logique floue									https://www.techniques-ingenieur.fr/base-documentaire/sciences-fondamentales-th8/mathematiques-fondamentales-analyse-42103210/introduction-a-la-logique-floue-a120/	Kaufmann	introduction-a-la-logique-floue-a120		fulltext	https://doi.org/10.51257/a-v1-a120	Editions T.I.	monograph		1992				mathematiques-fondamentales-analyse-42103210		P
Vocabulaire des mathématiques									https://www.techniques-ingenieur.fr/base-documentaire/sciences-fondamentales-th8/mathematiques-fondamentales-analyse-42103210/vocabulaire-des-mathematiques-a1205/	Cessenat	vocabulaire-des-mathematiques-a1205		fulltext	https://doi.org/10.51257/a-v1-a1205	Editions T.I.	monograph		1992				mathematiques-fondamentales-analyse-42103210		P
Transformations fonctionnelles									https://www.techniques-ingenieur.fr/base-documentaire/sciences-fondamentales-th8/mathematiques-fondamentales-analyse-42103210/transformations-fonctionnelles-a1240/	Cessenat	transformations-fonctionnelles-a1240		fulltext	https://doi.org/10.51257/a-v1-a1240	Editions T.I.	monograph		1991				mathematiques-fondamentales-analyse-42103210		P
Calcul tensoriel									https://www.techniques-ingenieur.fr/base-documentaire/sciences-fondamentales-th8/mathematiques-fondamentales-analyse-42103210/calcul-tensoriel-a125/	Châtelet	calcul-tensoriel-a125		fulltext	https://doi.org/10.51257/a-v1-a125	Editions T.I.	monograph		1982				mathematiques-fondamentales-analyse-42103210		P
Analyse harmonique, distributions, convolution									https://www.techniques-ingenieur.fr/base-documentaire/sciences-fondamentales-th8/mathematiques-fondamentales-analyse-42103210/analyse-harmonique-distributions-convolution-a142/	Lachand-robert	analyse-harmonique-distributions-convolution-a142		fulltext	https://doi.org/10.51257/a-v1-a142	Editions T.I.	monograph		1993				mathematiques-fondamentales-analyse-42103210		P
Équations différentielles linéaires									https://www.techniques-ingenieur.fr/base-documentaire/sciences-fondamentales-th8/mathematiques-fondamentales-analyse-42103210/equations-differentielles-lineaires-af103/	Randé	equations-differentielles-lineaires-af103		fulltext	https://doi.org/10.51257/a-v1-af103	Editions T.I.	monograph		2001				mathematiques-fondamentales-analyse-42103210		P
Équations aux différences									https://www.techniques-ingenieur.fr/base-documentaire/sciences-fondamentales-th8/mathematiques-fondamentales-analyse-42103210/equations-aux-differences-af104/	Chen	equations-aux-differences-af104		fulltext	https://doi.org/10.51257/a-v1-af104	Editions T.I.	monograph		2007				mathematiques-fondamentales-analyse-42103210		P
Équations différentielles stochastiques									https://www.techniques-ingenieur.fr/base-documentaire/sciences-fondamentales-th8/mathematiques-fondamentales-analyse-42103210/equations-differentielles-stochastiques-af105/	Chonavel	equations-differentielles-stochastiques-af105		fulltext	https://doi.org/10.51257/a-v1-af105	Editions T.I.	monograph		2015				mathematiques-fondamentales-analyse-42103210		P
Calcul des variations									https://www.techniques-ingenieur.fr/base-documentaire/sciences-fondamentales-th8/mathematiques-fondamentales-analyse-42103210/calcul-des-variations-af111/	Dacorogna	calcul-des-variations-af111		fulltext	https://doi.org/10.51257/a-v1-af111	Editions T.I.	monograph		2007				mathematiques-fondamentales-analyse-42103210		P
Analyse complexe - Théorie des applications holomorphes									https://www.techniques-ingenieur.fr/base-documentaire/sciences-fondamentales-th8/mathematiques-fondamentales-analyse-42103210/analyse-complexe-af112/	Randé	analyse-complexe-af112		fulltext	https://doi.org/10.51257/a-v1-af112	Editions T.I.	monograph		2000				mathematiques-fondamentales-analyse-42103210		P
Analyse complexe - Applications holomorphes									https://www.techniques-ingenieur.fr/base-documentaire/sciences-fondamentales-th8/mathematiques-fondamentales-analyse-42103210/analyse-complexe-af113/	Randé	analyse-complexe-af113		fulltext	https://doi.org/10.51257/a-v1-af113	Editions T.I.	monograph		2000				mathematiques-fondamentales-analyse-42103210		P
Tenseurs en sciences des données									https://www.techniques-ingenieur.fr/base-documentaire/sciences-fondamentales-th8/mathematiques-fondamentales-analyse-42103210/tenseurs-en-sciences-des-donnees-af114/	Comon	tenseurs-en-sciences-des-donnees-af114		fulltext	https://doi.org/10.51257/a-v1-af114	Editions T.I.	monograph		2021				mathematiques-fondamentales-analyse-42103210		P
Algèbre de Boole									https://www.techniques-ingenieur.fr/base-documentaire/sciences-fondamentales-th8/mathematiques-fondamentales-analyse-42103210/algebre-de-boole-af118/	Vuillemin	algebre-de-boole-af118		fulltext	https://doi.org/10.51257/a-v1-af118	Editions T.I.	monograph		2010				mathematiques-fondamentales-analyse-42103210		P
Séries de Fourier									https://www.techniques-ingenieur.fr/base-documentaire/sciences-fondamentales-th8/mathematiques-fondamentales-analyse-42103210/series-de-fourier-af141/	Queffélec	series-de-fourier-af141		fulltext	https://doi.org/10.51257/a-v1-af141	Editions T.I.	monograph		1999				mathematiques-fondamentales-analyse-42103210		P
Intégrales de Fourier									https://www.techniques-ingenieur.fr/base-documentaire/sciences-fondamentales-th8/mathematiques-fondamentales-analyse-42103210/integrales-de-fourier-af143/	Queffélec	integrales-de-fourier-af143		fulltext	https://doi.org/10.51257/a-v1-af143	Editions T.I.	monograph		1999				mathematiques-fondamentales-analyse-42103210		P
Introduction aux équations aux dérivées partielles linéaires									https://www.techniques-ingenieur.fr/base-documentaire/sciences-fondamentales-th8/mathematiques-fondamentales-analyse-42103210/introduction-aux-equations-aux-derivees-partielles-lineaires-af162/	Debeaumarché	introduction-aux-equations-aux-derivees-partielles-lineaires-af162		fulltext	https://doi.org/10.51257/a-v1-af162	Editions T.I.	monograph		1999				mathematiques-fondamentales-analyse-42103210		P
Théorie de la mesure et intégration									https://www.techniques-ingenieur.fr/base-documentaire/sciences-fondamentales-th8/mathematiques-fondamentales-analyse-42103210/theorie-de-la-mesure-et-integration-af164/	Méléard	theorie-de-la-mesure-et-integration-af164		fulltext	https://doi.org/10.51257/a-v1-af164	Editions T.I.	monograph		2002				mathematiques-fondamentales-analyse-42103210		P
Calcul différentiel									https://www.techniques-ingenieur.fr/base-documentaire/sciences-fondamentales-th8/mathematiques-fondamentales-analyse-42103210/calcul-differentiel-af55/	Lino	calcul-differentiel-af55		fulltext	https://doi.org/10.51257/a-v1-af55	Editions T.I.	monograph		1997				mathematiques-fondamentales-analyse-42103210		P
Équations différentielles									https://www.techniques-ingenieur.fr/base-documentaire/sciences-fondamentales-th8/mathematiques-fondamentales-analyse-42103210/equations-differentielles-af652/	Randé	equations-differentielles-af652		fulltext	https://doi.org/10.51257/a-v1-af652	Editions T.I.	monograph		2004				mathematiques-fondamentales-analyse-42103210		P
Variétés différentielles									https://www.techniques-ingenieur.fr/base-documentaire/sciences-fondamentales-th8/mathematiques-fondamentales-analyse-42103210/varietes-differentielles-af95/	Yebbou	varietes-differentielles-af95		fulltext	https://doi.org/10.51257/a-v1-af95	Editions T.I.	monograph		2000				mathematiques-fondamentales-analyse-42103210		P
Mathématiques fondamentales : analyse fonctionnelle									https://www.techniques-ingenieur.fr/base-documentaire/sciences-fondamentales-th8/mathematiques-fondamentales-analyse-fonctionnelle-42696210/		mathematiques-fondamentales-analyse-fonctionnelle-42696210		fulltext		Editions T.I.	monograph								P
Analyse fonctionnelle - Partie 1									https://www.techniques-ingenieur.fr/base-documentaire/sciences-fondamentales-th8/mathematiques-fondamentales-analyse-fonctionnelle-42696210/analyse-fonctionnelle-af100/	Godefroy	analyse-fonctionnelle-af100		fulltext	https://doi.org/10.51257/a-v1-af100	Editions T.I.	monograph		2003				mathematiques-fondamentales-analyse-fonctionnelle-42696210		P
Analyse fonctionnelle - Partie 2									https://www.techniques-ingenieur.fr/base-documentaire/sciences-fondamentales-th8/mathematiques-fondamentales-analyse-fonctionnelle-42696210/analyse-fonctionnelle-af101/	Godefroy	analyse-fonctionnelle-af101		fulltext	https://doi.org/10.51257/a-v1-af101	Editions T.I.	monograph		2003				mathematiques-fondamentales-analyse-fonctionnelle-42696210		P
Espaces métriques I - Notions de base									https://www.techniques-ingenieur.fr/base-documentaire/sciences-fondamentales-th8/mathematiques-fondamentales-analyse-fonctionnelle-42696210/espaces-metriques-i-af120/	Pinoli	espaces-metriques-i-af120		fulltext	https://doi.org/10.51257/a-v1-af120	Editions T.I.	monograph		2018				mathematiques-fondamentales-analyse-fonctionnelle-42696210		P
Espaces métriques II - Espaces particuliers									https://www.techniques-ingenieur.fr/base-documentaire/sciences-fondamentales-th8/mathematiques-fondamentales-analyse-fonctionnelle-42696210/espaces-metriques-ii-af121/	Pinoli	espaces-metriques-ii-af121		fulltext	https://doi.org/10.51257/a-v1-af121	Editions T.I.	monograph		2018				mathematiques-fondamentales-analyse-fonctionnelle-42696210		P
Exemples en topologie I - Droites, plans, courbes et objets planaires									https://www.techniques-ingenieur.fr/base-documentaire/sciences-fondamentales-th8/mathematiques-fondamentales-analyse-fonctionnelle-42696210/exemples-en-topologie-i-af122/	Pinoli	exemples-en-topologie-i-af122		fulltext	https://doi.org/10.51257/a-v1-af122	Editions T.I.	monograph		2018				mathematiques-fondamentales-analyse-fonctionnelle-42696210		P
Exemples en topologie II - Espaces produits, de vecteurs, de suites, de fonctions et de sous-ensembles									https://www.techniques-ingenieur.fr/base-documentaire/sciences-fondamentales-th8/mathematiques-fondamentales-analyse-fonctionnelle-42696210/exemples-en-topologie-ii-af123/	Pinoli	exemples-en-topologie-ii-af123		fulltext	https://doi.org/10.51257/a-v1-af123	Editions T.I.	monograph		2018				mathematiques-fondamentales-analyse-fonctionnelle-42696210		P
Distributions - Opérations et dérivées									https://www.techniques-ingenieur.fr/base-documentaire/sciences-fondamentales-th8/mathematiques-fondamentales-analyse-fonctionnelle-42696210/distributions-af144/	Doisy	distributions-af144		fulltext	https://doi.org/10.51257/a-v1-af144	Editions T.I.	monograph		2004				mathematiques-fondamentales-analyse-fonctionnelle-42696210		P
Distributions - Convolution et transformée de Fourier									https://www.techniques-ingenieur.fr/base-documentaire/sciences-fondamentales-th8/mathematiques-fondamentales-analyse-fonctionnelle-42696210/distributions-af145/	Doisy	distributions-af145		fulltext	https://doi.org/10.51257/a-v1-af145	Editions T.I.	monograph		2005				mathematiques-fondamentales-analyse-fonctionnelle-42696210		P
Distributions - Applications									https://www.techniques-ingenieur.fr/base-documentaire/sciences-fondamentales-th8/mathematiques-fondamentales-analyse-fonctionnelle-42696210/distributions-af146/	Doisy	distributions-af146		fulltext	https://doi.org/10.51257/a-v1-af146	Editions T.I.	monograph		2006				mathematiques-fondamentales-analyse-fonctionnelle-42696210		P
Théorie des ensembles ordonnés									https://www.techniques-ingenieur.fr/base-documentaire/sciences-fondamentales-th8/mathematiques-fondamentales-analyse-fonctionnelle-42696210/theorie-des-ensembles-ordonnes-af94/	Pinoli	theorie-des-ensembles-ordonnes-af94		fulltext	https://doi.org/10.51257/a-v1-af94	Editions T.I.	monograph		2019				mathematiques-fondamentales-analyse-fonctionnelle-42696210		P
Prétopologie									https://www.techniques-ingenieur.fr/base-documentaire/sciences-fondamentales-th8/mathematiques-fondamentales-analyse-fonctionnelle-42696210/pretopologie-af96/	Pinoli	pretopologie-af96		fulltext	https://doi.org/10.51257/a-v1-af96	Editions T.I.	monograph		2020				mathematiques-fondamentales-analyse-fonctionnelle-42696210		P
Espaces topologiques I - Notions de base									https://www.techniques-ingenieur.fr/base-documentaire/sciences-fondamentales-th8/mathematiques-fondamentales-analyse-fonctionnelle-42696210/espaces-topologiques-i-af97/	Pinoli	espaces-topologiques-i-af97		fulltext	https://doi.org/10.51257/a-v1-af97	Editions T.I.	monograph		2018				mathematiques-fondamentales-analyse-fonctionnelle-42696210		P
Espaces topologiques II - Espaces particuliers									https://www.techniques-ingenieur.fr/base-documentaire/sciences-fondamentales-th8/mathematiques-fondamentales-analyse-fonctionnelle-42696210/espaces-topologiques-ii-af98/	Pinoli	espaces-topologiques-ii-af98		fulltext	https://doi.org/10.51257/a-v1-af98	Editions T.I.	monograph		2018				mathematiques-fondamentales-analyse-fonctionnelle-42696210		P
Topologie et mesure									https://www.techniques-ingenieur.fr/base-documentaire/sciences-fondamentales-th8/mathematiques-fondamentales-analyse-fonctionnelle-42696210/topologie-et-mesure-af99/	Godefroy	topologie-et-mesure-af99		fulltext	https://doi.org/10.51257/a-v1-af99	Editions T.I.	monograph		2003				mathematiques-fondamentales-analyse-fonctionnelle-42696210		P
Mathématiques fondamentales : algèbre									https://www.techniques-ingenieur.fr/base-documentaire/sciences-fondamentales-th8/mathematiques-fondamentales-algebre-42104210/		mathematiques-fondamentales-algebre-42104210		fulltext		Editions T.I.	monograph								P
Fonctions eulériennes. Polynômes orthogonaux classiques									https://www.techniques-ingenieur.fr/base-documentaire/sciences-fondamentales-th8/mathematiques-fondamentales-algebre-42104210/fonctions-euleriennes-polynomes-orthogonaux-classiques-a154/	Maroni	fonctions-euleriennes-polynomes-orthogonaux-classiques-a154		fulltext	https://doi.org/10.51257/a-v1-a154	Editions T.I.	monograph		1994				mathematiques-fondamentales-algebre-42104210		P
Fonctions hypergéométriques Fonctions de Bessel									https://www.techniques-ingenieur.fr/base-documentaire/sciences-fondamentales-th8/mathematiques-fondamentales-algebre-42104210/fonctions-hypergeometriques-fonctions-de-bessel-a160/	Maroni	fonctions-hypergeometriques-fonctions-de-bessel-a160		fulltext	https://doi.org/10.51257/a-v1-a160	Editions T.I.	monograph		1997				mathematiques-fondamentales-algebre-42104210		P
Cryptographie - Mathématiques									https://www.techniques-ingenieur.fr/base-documentaire/sciences-fondamentales-th8/mathematiques-fondamentales-algebre-42104210/cryptographie-af172/	Chassé	cryptographie-af172		fulltext	https://doi.org/10.51257/a-v1-af172	Editions T.I.	monograph		2000				mathematiques-fondamentales-algebre-42104210		P
Cryptographie - Algorithmes									https://www.techniques-ingenieur.fr/base-documentaire/sciences-fondamentales-th8/mathematiques-fondamentales-algebre-42104210/cryptographie-af173/	Chassé	cryptographie-af173		fulltext	https://doi.org/10.51257/a-v1-af173	Editions T.I.	monograph		2000				mathematiques-fondamentales-algebre-42104210		P
Suites automatiques et séries formelles algébriques									https://www.techniques-ingenieur.fr/base-documentaire/sciences-fondamentales-th8/mathematiques-fondamentales-algebre-42104210/suites-automatiques-et-series-formelles-algebriques-af175/	Allouche	suites-automatiques-et-series-formelles-algebriques-af175		fulltext	https://doi.org/10.51257/a-v1-af175	Editions T.I.	monograph		2005				mathematiques-fondamentales-algebre-42104210		P
Protocoles cryptographiques : analyse par méthodes formelles									https://www.techniques-ingenieur.fr/base-documentaire/sciences-fondamentales-th8/mathematiques-fondamentales-algebre-42104210/protocoles-cryptographiques-analyse-par-methodes-formelles-af176/	Cortier	protocoles-cryptographiques-analyse-par-methodes-formelles-af176		fulltext	https://doi.org/10.51257/a-v1-af176	Editions T.I.	monograph		2006				mathematiques-fondamentales-algebre-42104210		P
Analyse combinatoire élémentaire									https://www.techniques-ingenieur.fr/base-documentaire/sciences-fondamentales-th8/mathematiques-fondamentales-algebre-42104210/analyse-combinatoire-elementaire-af200/	Comtet	analyse-combinatoire-elementaire-af200		fulltext	https://doi.org/10.51257/a-v1-af200	Editions T.I.	monograph		2001				mathematiques-fondamentales-algebre-42104210		P
Analyse combinatoire avancée									https://www.techniques-ingenieur.fr/base-documentaire/sciences-fondamentales-th8/mathematiques-fondamentales-algebre-42104210/analyse-combinatoire-avancee-af201/	Comtet	analyse-combinatoire-avancee-af201		fulltext	https://doi.org/10.51257/a-v1-af201	Editions T.I.	monograph		2001				mathematiques-fondamentales-algebre-42104210		P
Analyse combinatoire approfondie									https://www.techniques-ingenieur.fr/base-documentaire/sciences-fondamentales-th8/mathematiques-fondamentales-algebre-42104210/analyse-combinatoire-approfondie-af202/	Comtet	analyse-combinatoire-approfondie-af202		fulltext	https://doi.org/10.51257/a-v1-af202	Editions T.I.	monograph		2003				mathematiques-fondamentales-algebre-42104210		P
Théorie des graphes									https://www.techniques-ingenieur.fr/base-documentaire/sciences-fondamentales-th8/mathematiques-fondamentales-algebre-42104210/theorie-des-graphes-af205/	Cabane	theorie-des-graphes-af205		fulltext	https://doi.org/10.51257/a-v1-af205	Editions T.I.	monograph		2000				mathematiques-fondamentales-algebre-42104210		P
Langage des ensembles et des structures									https://www.techniques-ingenieur.fr/base-documentaire/sciences-fondamentales-th8/mathematiques-fondamentales-algebre-42104210/langage-des-ensembles-et-des-structures-af33/	Randé	langage-des-ensembles-et-des-structures-af33		fulltext	https://doi.org/10.51257/a-v1-af33	Editions T.I.	monograph		1997				mathematiques-fondamentales-algebre-42104210		P
Corps des nombres réels									https://www.techniques-ingenieur.fr/base-documentaire/sciences-fondamentales-th8/mathematiques-fondamentales-algebre-42104210/corps-des-nombres-reels-af35/	Debeaumarché	corps-des-nombres-reels-af35		fulltext	https://doi.org/10.51257/a-v1-af35	Editions T.I.	monograph		2001				mathematiques-fondamentales-algebre-42104210		P
Polynômes Étude algébrique									https://www.techniques-ingenieur.fr/base-documentaire/sciences-fondamentales-th8/mathematiques-fondamentales-algebre-42104210/polynomes-etude-algebrique-af37/	Randé	polynomes-etude-algebrique-af37		fulltext	https://doi.org/10.51257/a-v1-af37	Editions T.I.	monograph		1998				mathematiques-fondamentales-algebre-42104210		P
Racines des polynômes									https://www.techniques-ingenieur.fr/base-documentaire/sciences-fondamentales-th8/mathematiques-fondamentales-algebre-42104210/racines-des-polynomes-af38/	Randé	racines-des-polynomes-af38		fulltext	https://doi.org/10.51257/a-v1-af38	Editions T.I.	monograph		2001				mathematiques-fondamentales-algebre-42104210		P
Fractions rationnelles et séries formelles									https://www.techniques-ingenieur.fr/base-documentaire/sciences-fondamentales-th8/mathematiques-fondamentales-algebre-42104210/fractions-rationnelles-et-series-formelles-af39/	Randé	fractions-rationnelles-et-series-formelles-af39		fulltext	https://doi.org/10.51257/a-v1-af39	Editions T.I.	monograph		2000				mathematiques-fondamentales-algebre-42104210		P
Familles sommables									https://www.techniques-ingenieur.fr/base-documentaire/sciences-fondamentales-th8/mathematiques-fondamentales-algebre-42104210/familles-sommables-af72/	Randé	familles-sommables-af72		fulltext	https://doi.org/10.51257/a-v1-af72	Editions T.I.	monograph		2002				mathematiques-fondamentales-algebre-42104210		P
Procédés sommatoires - Les séries									https://www.techniques-ingenieur.fr/base-documentaire/sciences-fondamentales-th8/mathematiques-fondamentales-algebre-42104210/procedes-sommatoires-af73/	Randé	procedes-sommatoires-af73		fulltext	https://doi.org/10.51257/a-v1-af73	Editions T.I.	monograph		2003				mathematiques-fondamentales-algebre-42104210		P
Procédés sommatoires - Développements asymptotiques									https://www.techniques-ingenieur.fr/base-documentaire/sciences-fondamentales-th8/mathematiques-fondamentales-algebre-42104210/procedes-sommatoires-af74/	Randé	procedes-sommatoires-af74		fulltext	https://doi.org/10.51257/a-v1-af74	Editions T.I.	monograph		2004				mathematiques-fondamentales-algebre-42104210		P
Algèbre linéaire									https://www.techniques-ingenieur.fr/base-documentaire/sciences-fondamentales-th8/mathematiques-fondamentales-algebre-42104210/algebre-lineaire-af85/	Debeaumarché	algebre-lineaire-af85		fulltext	https://doi.org/10.51257/a-v1-af85	Editions T.I.	monograph		1998				mathematiques-fondamentales-algebre-42104210		P
Calcul matriciel									https://www.techniques-ingenieur.fr/base-documentaire/sciences-fondamentales-th8/mathematiques-fondamentales-algebre-42104210/calcul-matriciel-af86/	Debeaumarché	calcul-matriciel-af86		fulltext	https://doi.org/10.51257/a-v1-af86	Editions T.I.	monograph		1998				mathematiques-fondamentales-algebre-42104210		P
Réduction des endomorphismes									https://www.techniques-ingenieur.fr/base-documentaire/sciences-fondamentales-th8/mathematiques-fondamentales-algebre-42104210/reduction-des-endomorphismes-af87/	Mneimné	reduction-des-endomorphismes-af87		fulltext	https://doi.org/10.51257/a-v1-af87	Editions T.I.	monograph		1999				mathematiques-fondamentales-algebre-42104210		P
Espaces préhilbertiens									https://www.techniques-ingenieur.fr/base-documentaire/sciences-fondamentales-th8/mathematiques-fondamentales-algebre-42104210/espaces-prehilbertiens-af90/	Randé	espaces-prehilbertiens-af90		fulltext	https://doi.org/10.51257/a-v1-af90	Editions T.I.	monograph		2005				mathematiques-fondamentales-algebre-42104210		P
Mathématiques fondamentales : géométrie									https://www.techniques-ingenieur.fr/base-documentaire/sciences-fondamentales-th8/mathematiques-fondamentales-geometrie-42701210/		mathematiques-fondamentales-geometrie-42701210		fulltext		Editions T.I.	monograph								P
Géométrie projective									https://www.techniques-ingenieur.fr/base-documentaire/sciences-fondamentales-th8/mathematiques-fondamentales-geometrie-42701210/geometrie-projective-af206/	Albrecht	geometrie-projective-af206		fulltext	https://doi.org/10.51257/a-v1-af206	Editions T.I.	monograph		2008				mathematiques-fondamentales-geometrie-42701210		P
Géométrie différentielle									https://www.techniques-ingenieur.fr/base-documentaire/sciences-fondamentales-th8/mathematiques-fondamentales-geometrie-42701210/geometrie-differentielle-af207/	Albrecht	geometrie-differentielle-af207		fulltext	https://doi.org/10.51257/a-v1-af207	Editions T.I.	monograph		2011				mathematiques-fondamentales-geometrie-42701210		P
Géométrie affine et euclidienne									https://www.techniques-ingenieur.fr/base-documentaire/sciences-fondamentales-th8/mathematiques-fondamentales-geometrie-42701210/geometrie-affine-et-euclidienne-af209/	Albrecht	geometrie-affine-et-euclidienne-af209		fulltext	https://doi.org/10.51257/a-v1-af209	Editions T.I.	monograph		2009				mathematiques-fondamentales-geometrie-42701210		P
Théorie de la mesure géométrique									https://www.techniques-ingenieur.fr/base-documentaire/sciences-fondamentales-th8/mathematiques-fondamentales-geometrie-42701210/theorie-de-la-mesure-geometrique-af213/	Pinoli	theorie-de-la-mesure-geometrique-af213		fulltext	https://doi.org/10.51257/a-v1-af213	Editions T.I.	monograph		2016				mathematiques-fondamentales-geometrie-42701210		P
Introduction à la géométrie algébrique									https://www.techniques-ingenieur.fr/base-documentaire/sciences-fondamentales-th8/mathematiques-fondamentales-geometrie-42701210/introduction-a-la-geometrie-algebrique-af215/	Risler	introduction-a-la-geometrie-algebrique-af215		fulltext	https://doi.org/10.51257/a-v1-af215	Editions T.I.	monograph		2013				mathematiques-fondamentales-geometrie-42701210		P
Géométrie stochastique									https://www.techniques-ingenieur.fr/base-documentaire/sciences-fondamentales-th8/mathematiques-fondamentales-geometrie-42701210/geometrie-stochastique-af216/	Pinoli	geometrie-stochastique-af216		fulltext	https://doi.org/10.51257/a-v1-af216	Editions T.I.	monograph		2016				mathematiques-fondamentales-geometrie-42701210		P
Stéréologie									https://www.techniques-ingenieur.fr/base-documentaire/sciences-fondamentales-th8/mathematiques-fondamentales-geometrie-42701210/stereologie-af217/	Pinoli	stereologie-af217		fulltext	https://doi.org/10.51257/a-v1-af217	Editions T.I.	monograph		2016				mathematiques-fondamentales-geometrie-42701210		P
Géométrie fractale									https://www.techniques-ingenieur.fr/base-documentaire/sciences-fondamentales-th8/mathematiques-fondamentales-geometrie-42701210/geometrie-fractale-af218/	Pinoli	geometrie-fractale-af218		fulltext	https://doi.org/10.51257/a-v1-af218	Editions T.I.	monograph		2017				mathematiques-fondamentales-geometrie-42701210		P
Géométrie convexe I - Définitions, propriétés et théorèmes fondamentaux									https://www.techniques-ingenieur.fr/base-documentaire/sciences-fondamentales-th8/mathematiques-fondamentales-geometrie-42701210/geometrie-convexe-i-af219/	Pinoli	geometrie-convexe-i-af219		fulltext	https://doi.org/10.51257/a-v1-af219	Editions T.I.	monograph		2020				mathematiques-fondamentales-geometrie-42701210		P
Géométrie convexe II - Distances et mesures, approximation, comparaison et symétrisation									https://www.techniques-ingenieur.fr/base-documentaire/sciences-fondamentales-th8/mathematiques-fondamentales-geometrie-42701210/geometrie-convexe-ii-af220/	Pinoli	geometrie-convexe-ii-af220		fulltext	https://doi.org/10.51257/a-v1-af220	Editions T.I.	monograph		2020				mathematiques-fondamentales-geometrie-42701210		P
Méthodes numériques									https://www.techniques-ingenieur.fr/base-documentaire/sciences-fondamentales-th8/methodes-numeriques-42105210/		methodes-numeriques-42105210		fulltext		Editions T.I.	monograph								P
Méthodes numériques de base - Analyse numérique									https://www.techniques-ingenieur.fr/base-documentaire/sciences-fondamentales-th8/methodes-numeriques-42105210/methodes-numeriques-de-base-af1220/	Brezinski	methodes-numeriques-de-base-af1220		fulltext	https://doi.org/10.51257/a-v1-af1220	Editions T.I.	monograph		2006				methodes-numeriques-42105210		P
Méthodes numériques de base - Algèbre numérique									https://www.techniques-ingenieur.fr/base-documentaire/sciences-fondamentales-th8/methodes-numeriques-42105210/methodes-numeriques-de-base-af1221/	Brezinski	methodes-numeriques-de-base-af1221		fulltext	https://doi.org/10.51257/a-v1-af1221	Editions T.I.	monograph		2006				methodes-numeriques-42105210		P
Bases fonctionnelles de l'analyse numérique									https://www.techniques-ingenieur.fr/base-documentaire/sciences-fondamentales-th8/methodes-numeriques-42105210/bases-fonctionnelles-de-l-analyse-numerique-af1223/	Brezinski	bases-fonctionnelles-de-l-analyse-numerique-af1223		fulltext	https://doi.org/10.51257/a-v1-af1223	Editions T.I.	monograph		2013				methodes-numeriques-42105210		P
Calcul des valeurs propres									https://www.techniques-ingenieur.fr/base-documentaire/sciences-fondamentales-th8/methodes-numeriques-42105210/calcul-des-valeurs-propres-af1224/	Philippe	calcul-des-valeurs-propres-af1224		fulltext	https://doi.org/10.51257/a-v1-af1224	Editions T.I.	monograph		2008				methodes-numeriques-42105210		P
Optimisation en nombres entiers									https://www.techniques-ingenieur.fr/base-documentaire/sciences-fondamentales-th8/methodes-numeriques-42105210/optimisation-en-nombres-entiers-af1251/	Minoux	optimisation-en-nombres-entiers-af1251		fulltext	https://doi.org/10.51257/a-v1-af1251	Editions T.I.	monograph		2008				methodes-numeriques-42105210		P
Optimisation différentiable									https://www.techniques-ingenieur.fr/base-documentaire/sciences-fondamentales-th8/methodes-numeriques-42105210/optimisation-differentiable-af1252/	Gilbert	optimisation-differentiable-af1252		fulltext	https://doi.org/10.51257/a-v1-af1252	Editions T.I.	monograph		2008				methodes-numeriques-42105210		P
Optimisation et convexité									https://www.techniques-ingenieur.fr/base-documentaire/sciences-fondamentales-th8/methodes-numeriques-42105210/optimisation-et-convexite-af1253/	Lemaréchal	optimisation-et-convexite-af1253		fulltext	https://doi.org/10.51257/a-v1-af1253	Editions T.I.	monograph		2008				methodes-numeriques-42105210		P
Programmation linéaire - Méthodes et applications									https://www.techniques-ingenieur.fr/base-documentaire/sciences-fondamentales-th8/methodes-numeriques-42105210/programmation-lineaire-af1254/	Scheid	programmation-lineaire-af1254		fulltext	https://doi.org/10.51257/a-v1-af1254	Editions T.I.	monograph		2015				methodes-numeriques-42105210		P
Problèmes inverses									https://www.techniques-ingenieur.fr/base-documentaire/sciences-fondamentales-th8/methodes-numeriques-42105210/problemes-inverses-af1380/	Kern	problemes-inverses-af1380		fulltext	https://doi.org/10.51257/a-v1-af1380	Editions T.I.	monograph		2010				methodes-numeriques-42105210		P
Algorithmes parallèles asynchrones I - Modélisation et analyse									https://www.techniques-ingenieur.fr/base-documentaire/sciences-fondamentales-th8/methodes-numeriques-42105210/algorithmes-paralleles-asynchrones-i-af1385/	Spiteri	algorithmes-paralleles-asynchrones-i-af1385		fulltext	https://doi.org/10.51257/a-v1-af1385	Editions T.I.	monograph		2021				methodes-numeriques-42105210		P
Algorithmes parallèles asynchrones II - Implémentation									https://www.techniques-ingenieur.fr/base-documentaire/sciences-fondamentales-th8/methodes-numeriques-42105210/algorithmes-paralleles-asynchrones-ii-af1386/	Spiteri	algorithmes-paralleles-asynchrones-ii-af1386		fulltext	https://doi.org/10.51257/a-v1-af1386	Editions T.I.	monograph		2021				methodes-numeriques-42105210		P
Algorithmes parallèles asynchrones III - Application, performances									https://www.techniques-ingenieur.fr/base-documentaire/sciences-fondamentales-th8/methodes-numeriques-42105210/algorithmes-paralleles-asynchrones-iii-af1387/	Spiteri	algorithmes-paralleles-asynchrones-iii-af1387		fulltext	https://doi.org/10.51257/a-v1-af1387	Editions T.I.	monograph		2021				methodes-numeriques-42105210		P
Interpolation, approximation et extrapolation rationnelles									https://www.techniques-ingenieur.fr/base-documentaire/sciences-fondamentales-th8/methodes-numeriques-42105210/interpolation-approximation-et-extrapolation-rationnelles-af1390/	Brezinski	interpolation-approximation-et-extrapolation-rationnelles-af1390		fulltext	https://doi.org/10.51257/a-v1-af1390	Editions T.I.	monograph		2013				methodes-numeriques-42105210		P
Introduction à MATLAB									https://www.techniques-ingenieur.fr/base-documentaire/sciences-fondamentales-th8/methodes-numeriques-42105210/introduction-a-matlab-af1450/	Prado	introduction-a-matlab-af1450		fulltext	https://doi.org/10.51257/a-v1-af1450	Editions T.I.	monograph		2005				methodes-numeriques-42105210		P
Calcul formel									https://www.techniques-ingenieur.fr/base-documentaire/sciences-fondamentales-th8/methodes-numeriques-42105210/calcul-formel-af1460/	Gomez	calcul-formel-af1460		fulltext	https://doi.org/10.51257/a-v1-af1460	Editions T.I.	monograph		2008				methodes-numeriques-42105210		P
Validation des résultats des logiciels scientifiques - Problème des approximations arithmétiques									https://www.techniques-ingenieur.fr/base-documentaire/sciences-fondamentales-th8/methodes-numeriques-42105210/validation-des-resultats-des-logiciels-scientifiques-af1470/	Vignes	validation-des-resultats-des-logiciels-scientifiques-af1470		fulltext	https://doi.org/10.51257/a-v1-af1470	Editions T.I.	monograph		2009				methodes-numeriques-42105210		P
Validation des résultats des logiciels scientifiques - Approche stochastique									https://www.techniques-ingenieur.fr/base-documentaire/sciences-fondamentales-th8/methodes-numeriques-42105210/validation-des-resultats-des-logiciels-scientifiques-af1471/	Vignes	validation-des-resultats-des-logiciels-scientifiques-af1471		fulltext	https://doi.org/10.51257/a-v1-af1471	Editions T.I.	monograph		2009				methodes-numeriques-42105210		P
Approximation des fonctions									https://www.techniques-ingenieur.fr/base-documentaire/sciences-fondamentales-th8/methodes-numeriques-42105210/approximation-des-fonctions-af1480/	Berrut	approximation-des-fonctions-af1480		fulltext	https://doi.org/10.51257/a-v1-af1480	Editions T.I.	monograph		2013				methodes-numeriques-42105210		P
Les bases d’ondelettes									https://www.techniques-ingenieur.fr/base-documentaire/sciences-fondamentales-th8/methodes-numeriques-42105210/les-bases-d-ondelettes-af210/	Cohen	les-bases-d-ondelettes-af210		fulltext	https://doi.org/10.51257/a-v1-af210	Editions T.I.	monograph		2002				methodes-numeriques-42105210		P
Méthodes numériques en algèbre linéaire									https://www.techniques-ingenieur.fr/base-documentaire/sciences-fondamentales-th8/methodes-numeriques-42105210/methodes-numeriques-en-algebre-lineaire-af485/	Cabane	methodes-numeriques-en-algebre-lineaire-af485		fulltext	https://doi.org/10.51257/a-v1-af485	Editions T.I.	monograph		1998				methodes-numeriques-42105210		P
Calcul de fonctions de matrices									https://www.techniques-ingenieur.fr/base-documentaire/sciences-fondamentales-th8/methodes-numeriques-42105210/calcul-de-fonctions-de-matrices-af486/	Meurant	calcul-de-fonctions-de-matrices-af486		fulltext	https://doi.org/10.51257/a-v1-af486	Editions T.I.	monograph		2014				methodes-numeriques-42105210		P
Méthodes de Krylov pour la résolution des systèmes linéaires									https://www.techniques-ingenieur.fr/base-documentaire/sciences-fondamentales-th8/methodes-numeriques-42105210/methodes-de-krylov-pour-la-resolution-des-systemes-lineaires-af488/	Meurant	methodes-de-krylov-pour-la-resolution-des-systemes-lineaires-af488		fulltext	https://doi.org/10.51257/a-v1-af488	Editions T.I.	monograph		2007				methodes-numeriques-42105210		P
Méthodes mathématiques pour le traitement des signaux et des images									https://www.techniques-ingenieur.fr/base-documentaire/sciences-fondamentales-th8/methodes-numeriques-42105210/methodes-mathematiques-pour-le-traitement-des-signaux-et-des-images-af490/	Torrésani	methodes-mathematiques-pour-le-traitement-des-signaux-et-des-images-af490		fulltext	https://doi.org/10.51257/a-v1-af490	Editions T.I.	monograph		2011				methodes-numeriques-42105210		P
Algorithmes numériques pour la résolution des grands systèmes									https://www.techniques-ingenieur.fr/base-documentaire/sciences-fondamentales-th8/methodes-numeriques-42105210/algorithmes-numeriques-pour-la-resolution-des-grands-systemes-af502/	Spiteri	algorithmes-numeriques-pour-la-resolution-des-grands-systemes-af502		fulltext	https://doi.org/10.51257/a-v1-af502	Editions T.I.	monograph		2002				methodes-numeriques-42105210		P
Théorie spectrale et applications - Généralités et opérateurs compacts									https://www.techniques-ingenieur.fr/base-documentaire/sciences-fondamentales-th8/methodes-numeriques-42105210/theorie-spectrale-et-applications-af567/	Lenoir	theorie-spectrale-et-applications-af567		fulltext	https://doi.org/10.51257/a-v1-af567	Editions T.I.	monograph		2010				methodes-numeriques-42105210		P
Le théorème spectral									https://www.techniques-ingenieur.fr/base-documentaire/sciences-fondamentales-th8/methodes-numeriques-42105210/le-theoreme-spectral-af568/	Lenoir	le-theoreme-spectral-af568		fulltext	https://doi.org/10.51257/a-v1-af568	Editions T.I.	monograph		2012				methodes-numeriques-42105210		P
Méthode de Boltzmann sur réseau - Application à la mécanique des fluides									https://www.techniques-ingenieur.fr/base-documentaire/sciences-fondamentales-th8/methodes-numeriques-42105210/methode-de-boltzmann-sur-reseau-bm5220/	Martin	methode-de-boltzmann-sur-reseau-bm5220		fulltext	https://doi.org/10.51257/a-v1-bm5220	Editions T.I.	monograph		2019				methodes-numeriques-42105210		P
Introduction au parallélisme et aux architectures parallèles									https://www.techniques-ingenieur.fr/base-documentaire/sciences-fondamentales-th8/methodes-numeriques-42105210/introduction-au-parallelisme-et-aux-architectures-paralleles-h1088/	Cappello	introduction-au-parallelisme-et-aux-architectures-paralleles-h1088		fulltext	https://doi.org/10.51257/a-v2-h1088	Editions T.I.	monograph		2017				methodes-numeriques-42105210		P
Scilab, un logiciel libre de calcul scientifique									https://www.techniques-ingenieur.fr/base-documentaire/sciences-fondamentales-th8/methodes-numeriques-42105210/scilab-un-logiciel-libre-de-calcul-scientifique-in31/	Gomez	scilab-un-logiciel-libre-de-calcul-scientifique-in31		fulltext	https://doi.org/10.51257/a-v1-in31	Editions T.I.	monograph		2005				methodes-numeriques-42105210		P
Analyse numérique des équations différentielles et aux dérivées partielles									https://www.techniques-ingenieur.fr/base-documentaire/sciences-fondamentales-th8/analyse-numerique-des-equations-differentielles-et-aux-derivees-partielles-42620210/		analyse-numerique-des-equations-differentielles-et-aux-derivees-partielles-42620210		fulltext		Editions T.I.	monograph								P
Approximation des équations aux dérivées partielles									https://www.techniques-ingenieur.fr/base-documentaire/sciences-fondamentales-th8/analyse-numerique-des-equations-differentielles-et-aux-derivees-partielles-42620210/approximation-des-equations-aux-derivees-partielles-a550/	Chavent	approximation-des-equations-aux-derivees-partielles-a550		fulltext	https://doi.org/10.51257/a-v1-a550	Editions T.I.	monograph		1993				analyse-numerique-des-equations-differentielles-et-aux-derivees-partielles-42620210		P
Contrôle des systèmes à paramètres distribués									https://www.techniques-ingenieur.fr/base-documentaire/sciences-fondamentales-th8/analyse-numerique-des-equations-differentielles-et-aux-derivees-partielles-42620210/controle-des-systemes-a-parametres-distribues-af1372/	Yvon	controle-des-systemes-a-parametres-distribues-af1372		fulltext	https://doi.org/10.51257/a-v1-af1372	Editions T.I.	monograph		2009				analyse-numerique-des-equations-differentielles-et-aux-derivees-partielles-42620210		P
Commande optimale									https://www.techniques-ingenieur.fr/base-documentaire/sciences-fondamentales-th8/analyse-numerique-des-equations-differentielles-et-aux-derivees-partielles-42620210/commande-optimale-af1374/	Bonnans	commande-optimale-af1374		fulltext	https://doi.org/10.51257/a-v1-af1374	Editions T.I.	monograph		2015				analyse-numerique-des-equations-differentielles-et-aux-derivees-partielles-42620210		P
Méthodes de décomposition de domaines - Notions de base									https://www.techniques-ingenieur.fr/base-documentaire/sciences-fondamentales-th8/analyse-numerique-des-equations-differentielles-et-aux-derivees-partielles-42620210/methodes-de-decomposition-de-domaines-af1375/	Gander	methodes-de-decomposition-de-domaines-af1375		fulltext	https://doi.org/10.51257/a-v1-af1375	Editions T.I.	monograph		2012				analyse-numerique-des-equations-differentielles-et-aux-derivees-partielles-42620210		P
Méthodes de décomposition de domaines - Extensions									https://www.techniques-ingenieur.fr/base-documentaire/sciences-fondamentales-th8/analyse-numerique-des-equations-differentielles-et-aux-derivees-partielles-42620210/methodes-de-decomposition-de-domaines-af1376/	Gander	methodes-de-decomposition-de-domaines-af1376		fulltext	https://doi.org/10.51257/a-v1-af1376	Editions T.I.	monograph		2012				analyse-numerique-des-equations-differentielles-et-aux-derivees-partielles-42620210		P
Méthodes de simulation sans maillage									https://www.techniques-ingenieur.fr/base-documentaire/sciences-fondamentales-th8/analyse-numerique-des-equations-differentielles-et-aux-derivees-partielles-42620210/methodes-de-simulation-sans-maillage-af1378/	Cueto	methodes-de-simulation-sans-maillage-af1378		fulltext	https://doi.org/10.51257/a-v1-af1378	Editions T.I.	monograph		2016				analyse-numerique-des-equations-differentielles-et-aux-derivees-partielles-42620210		P
Techniques de réduction de modèles - Vers une nouvelle génération d'abaques numériques									https://www.techniques-ingenieur.fr/base-documentaire/sciences-fondamentales-th8/analyse-numerique-des-equations-differentielles-et-aux-derivees-partielles-42620210/techniques-de-reduction-de-modeles-af1381/	Chinesta	techniques-de-reduction-de-modeles-af1381		fulltext	https://doi.org/10.51257/a-v1-af1381	Editions T.I.	monograph		2015				analyse-numerique-des-equations-differentielles-et-aux-derivees-partielles-42620210		P
Aspects numériques du contrôle linéaire									https://www.techniques-ingenieur.fr/base-documentaire/sciences-fondamentales-th8/analyse-numerique-des-equations-differentielles-et-aux-derivees-partielles-42620210/aspects-numeriques-du-controle-lineaire-af1400/	Brezinski	aspects-numeriques-du-controle-lineaire-af1400		fulltext	https://doi.org/10.51257/a-v1-af1400	Editions T.I.	monograph		2007				analyse-numerique-des-equations-differentielles-et-aux-derivees-partielles-42620210		P
Analyse numérique des équations intégrales									https://www.techniques-ingenieur.fr/base-documentaire/sciences-fondamentales-th8/analyse-numerique-des-equations-differentielles-et-aux-derivees-partielles-42620210/analyse-numerique-des-equations-integrales-af1403/	Atkinson	analyse-numerique-des-equations-integrales-af1403		fulltext	https://doi.org/10.51257/a-v1-af1403	Editions T.I.	monograph		2020				analyse-numerique-des-equations-differentielles-et-aux-derivees-partielles-42620210		P
Résolution numérique des équations de Navier-Stokes par la méthode des différences finies									https://www.techniques-ingenieur.fr/base-documentaire/sciences-fondamentales-th8/analyse-numerique-des-equations-differentielles-et-aux-derivees-partielles-42620210/resolution-numerique-des-equations-de-navier-stokes-par-la-methode-des-differences-finies-af1404/	Spiteri	resolution-numerique-des-equations-de-navier-stokes-par-la-methode-des-differences-finies-af1404		fulltext	https://doi.org/10.51257/a-v1-af1404	Editions T.I.	monograph		2022				analyse-numerique-des-equations-differentielles-et-aux-derivees-partielles-42620210		P
Résolution numérique des équations de Navier-Stokes par la méthode des volumes finis									https://www.techniques-ingenieur.fr/base-documentaire/sciences-fondamentales-th8/analyse-numerique-des-equations-differentielles-et-aux-derivees-partielles-42620210/resolution-numerique-des-equations-de-navier-stokes-par-la-methode-des-volumes-finis-af1406/	Spiteri	resolution-numerique-des-equations-de-navier-stokes-par-la-methode-des-volumes-finis-af1406		fulltext	https://doi.org/10.51257/a-v1-af1406	Editions T.I.	monograph		2022				analyse-numerique-des-equations-differentielles-et-aux-derivees-partielles-42620210		P
Résolution numérique des équations de Navier-Stokes par la méthode des éléments finis									https://www.techniques-ingenieur.fr/base-documentaire/sciences-fondamentales-th8/analyse-numerique-des-equations-differentielles-et-aux-derivees-partielles-42620210/resolution-numerique-des-equations-de-navier-stokes-par-la-methode-des-elements-finis-af1407/	Spiteri	resolution-numerique-des-equations-de-navier-stokes-par-la-methode-des-elements-finis-af1407		fulltext	https://doi.org/10.51257/a-v1-af1407	Editions T.I.	monograph		2022				analyse-numerique-des-equations-differentielles-et-aux-derivees-partielles-42620210		P
Équations aux dérivées partielles - Partie 1									https://www.techniques-ingenieur.fr/base-documentaire/sciences-fondamentales-th8/analyse-numerique-des-equations-differentielles-et-aux-derivees-partielles-42620210/equations-aux-derivees-partielles-af190/	Bardos	equations-aux-derivees-partielles-af190		fulltext	https://doi.org/10.51257/a-v1-af190	Editions T.I.	monograph		2010				analyse-numerique-des-equations-differentielles-et-aux-derivees-partielles-42620210		P
Équations aux dérivées partielles - Partie 2									https://www.techniques-ingenieur.fr/base-documentaire/sciences-fondamentales-th8/analyse-numerique-des-equations-differentielles-et-aux-derivees-partielles-42620210/equations-aux-derivees-partielles-af191/	Bardos	equations-aux-derivees-partielles-af191		fulltext	https://doi.org/10.51257/a-v1-af191	Editions T.I.	monograph		2010				analyse-numerique-des-equations-differentielles-et-aux-derivees-partielles-42620210		P
Méthode des différences finies pour les EDP stationnaires									https://www.techniques-ingenieur.fr/base-documentaire/sciences-fondamentales-th8/analyse-numerique-des-equations-differentielles-et-aux-derivees-partielles-42620210/methode-des-differences-finies-pour-les-edp-stationnaires-af500/	Spiteri	methode-des-differences-finies-pour-les-edp-stationnaires-af500		fulltext	https://doi.org/10.51257/a-v1-af500	Editions T.I.	monograph		2002				analyse-numerique-des-equations-differentielles-et-aux-derivees-partielles-42620210		P
Méthode des différences finies pour les EDP d’évolution									https://www.techniques-ingenieur.fr/base-documentaire/sciences-fondamentales-th8/analyse-numerique-des-equations-differentielles-et-aux-derivees-partielles-42620210/methode-des-differences-finies-pour-les-edp-d-evolution-af501/	Spiteri	methode-des-differences-finies-pour-les-edp-d-evolution-af501		fulltext	https://doi.org/10.51257/a-v1-af501	Editions T.I.	monograph		2002				analyse-numerique-des-equations-differentielles-et-aux-derivees-partielles-42620210		P
Approche variationnelle pour la méthode des éléments finis									https://www.techniques-ingenieur.fr/base-documentaire/sciences-fondamentales-th8/analyse-numerique-des-equations-differentielles-et-aux-derivees-partielles-42620210/approche-variationnelle-pour-la-methode-des-elements-finis-af503/	Spiteri	approche-variationnelle-pour-la-methode-des-elements-finis-af503		fulltext	https://doi.org/10.51257/a-v1-af503	Editions T.I.	monograph		2002				analyse-numerique-des-equations-differentielles-et-aux-derivees-partielles-42620210		P
Introduction à la méthode des éléments finis									https://www.techniques-ingenieur.fr/base-documentaire/sciences-fondamentales-th8/analyse-numerique-des-equations-differentielles-et-aux-derivees-partielles-42620210/introduction-a-la-methode-des-elements-finis-af504/	Spiteri	introduction-a-la-methode-des-elements-finis-af504		fulltext	https://doi.org/10.51257/a-v1-af504	Editions T.I.	monograph		2002				analyse-numerique-des-equations-differentielles-et-aux-derivees-partielles-42620210		P
Présentation générale de la méthode des éléments finis									https://www.techniques-ingenieur.fr/base-documentaire/sciences-fondamentales-th8/analyse-numerique-des-equations-differentielles-et-aux-derivees-partielles-42620210/presentation-generale-de-la-methode-des-elements-finis-af505/	Spiteri	presentation-generale-de-la-methode-des-elements-finis-af505		fulltext	https://doi.org/10.51257/a-v1-af505	Editions T.I.	monograph		2002				analyse-numerique-des-equations-differentielles-et-aux-derivees-partielles-42620210		P
Schémas numériques de volumes finis									https://www.techniques-ingenieur.fr/base-documentaire/sciences-fondamentales-th8/analyse-numerique-des-equations-differentielles-et-aux-derivees-partielles-42620210/schemas-numeriques-de-volumes-finis-af508/	Despres	schemas-numeriques-de-volumes-finis-af508		fulltext	https://doi.org/10.51257/a-v1-af508	Editions T.I.	monograph		2012				analyse-numerique-des-equations-differentielles-et-aux-derivees-partielles-42620210		P
Des schémas numériques pour la mécanique des fluides compressibles									https://www.techniques-ingenieur.fr/base-documentaire/sciences-fondamentales-th8/analyse-numerique-des-equations-differentielles-et-aux-derivees-partielles-42620210/des-schemas-numeriques-pour-la-mecanique-des-fluides-compressibles-af512/	Turpault	des-schemas-numeriques-pour-la-mecanique-des-fluides-compressibles-af512		fulltext	https://doi.org/10.51257/a-v1-af512	Editions T.I.	monograph		2020				analyse-numerique-des-equations-differentielles-et-aux-derivees-partielles-42620210		P
À la découverte des méthodes spectrales									https://www.techniques-ingenieur.fr/base-documentaire/sciences-fondamentales-th8/analyse-numerique-des-equations-differentielles-et-aux-derivees-partielles-42620210/a-la-decouverte-des-methodes-spectrales-af520/	Bernardi	a-la-decouverte-des-methodes-spectrales-af520		fulltext	https://doi.org/10.51257/a-v1-af520	Editions T.I.	monograph		2013				analyse-numerique-des-equations-differentielles-et-aux-derivees-partielles-42620210		P
Intégration numérique des équations différentielles raides									https://www.techniques-ingenieur.fr/base-documentaire/sciences-fondamentales-th8/analyse-numerique-des-equations-differentielles-et-aux-derivees-partielles-42620210/integration-numerique-des-equations-differentielles-raides-af653/	Hairer	integration-numerique-des-equations-differentielles-raides-af653		fulltext	https://doi.org/10.51257/a-v1-af653	Editions T.I.	monograph		2007				analyse-numerique-des-equations-differentielles-et-aux-derivees-partielles-42620210		P
Probabilités et statistique									https://www.techniques-ingenieur.fr/base-documentaire/sciences-fondamentales-th8/probabilites-et-statistique-42101210/		probabilites-et-statistique-42101210		fulltext		Editions T.I.	monograph								P
Relations entre probabilités et équations aux dérivées partielles									https://www.techniques-ingenieur.fr/base-documentaire/sciences-fondamentales-th8/probabilites-et-statistique-42101210/relations-entre-probabilites-et-equations-aux-derivees-partielles-a565/	Fouque	relations-entre-probabilites-et-equations-aux-derivees-partielles-a565		fulltext	https://doi.org/10.51257/a-v1-a565	Editions T.I.	monograph		1996				probabilites-et-statistique-42101210		P
Probabilités - Présentation									https://www.techniques-ingenieur.fr/base-documentaire/sciences-fondamentales-th8/probabilites-et-statistique-42101210/probabilites-af165/	Méléard	probabilites-af165		fulltext	https://doi.org/10.51257/a-v1-af165	Editions T.I.	monograph		2001				probabilites-et-statistique-42101210		P
Probabilités - Concepts fondamentaux									https://www.techniques-ingenieur.fr/base-documentaire/sciences-fondamentales-th8/probabilites-et-statistique-42101210/probabilites-af166/	Méléard	probabilites-af166		fulltext	https://doi.org/10.51257/a-v1-af166	Editions T.I.	monograph		2001				probabilites-et-statistique-42101210		P
Statistique descriptive - Traitement des données									https://www.techniques-ingenieur.fr/base-documentaire/sciences-fondamentales-th8/probabilites-et-statistique-42101210/statistique-descriptive-af167/	Cheze	statistique-descriptive-af167		fulltext	https://doi.org/10.51257/a-v1-af167	Editions T.I.	monograph		2002				probabilites-et-statistique-42101210		P
Statistique inférentielle - Estimation									https://www.techniques-ingenieur.fr/base-documentaire/sciences-fondamentales-th8/probabilites-et-statistique-42101210/statistique-inferentielle-af168/	Chèze	statistique-inferentielle-af168		fulltext	https://doi.org/10.51257/a-v1-af168	Editions T.I.	monograph		2003				probabilites-et-statistique-42101210		P
Statistique inférentielle - Estimation. Tables statistiques									https://www.techniques-ingenieur.fr/base-documentaire/sciences-fondamentales-th8/probabilites-et-statistique-42101210/statistique-inferentielle-af169/	Cheze	statistique-inferentielle-af169		fulltext	https://doi.org/10.51257/a-v1-af169	Editions T.I.	monograph		2003				probabilites-et-statistique-42101210		P
Statistique inférentielle - Tests statistiques									https://www.techniques-ingenieur.fr/base-documentaire/sciences-fondamentales-th8/probabilites-et-statistique-42101210/statistique-inferentielle-af170/	Chèze	statistique-inferentielle-af170		fulltext	https://doi.org/10.51257/a-v1-af170	Editions T.I.	monograph		2004				probabilites-et-statistique-42101210		P
Mouvement brownien et calcul stochastique									https://www.techniques-ingenieur.fr/base-documentaire/sciences-fondamentales-th8/probabilites-et-statistique-42101210/mouvement-brownien-et-calcul-stochastique-af566/	Méléard	mouvement-brownien-et-calcul-stochastique-af566		fulltext	https://doi.org/10.51257/a-v1-af566	Editions T.I.	monograph		2003				probabilites-et-statistique-42101210		P
Processus stochastiques et fiabilité des systèmes									https://www.techniques-ingenieur.fr/base-documentaire/sciences-fondamentales-th8/probabilites-et-statistique-42101210/processus-stochastiques-et-fiabilite-des-systemes-af570/	Bon	processus-stochastiques-et-fiabilite-des-systemes-af570		fulltext	https://doi.org/10.51257/a-v1-af570	Editions T.I.	monograph		2009				probabilites-et-statistique-42101210		P
Simulations et méthodes de Monte Carlo									https://www.techniques-ingenieur.fr/base-documentaire/sciences-fondamentales-th8/probabilites-et-statistique-42101210/simulations-et-methodes-de-monte-carlo-af600/	Rubino	simulations-et-methodes-de-monte-carlo-af600		fulltext	https://doi.org/10.51257/a-v1-af600	Editions T.I.	monograph		2007				probabilites-et-statistique-42101210		P
Estimation fonctionnelle									https://www.techniques-ingenieur.fr/base-documentaire/sciences-fondamentales-th8/probabilites-et-statistique-42101210/estimation-fonctionnelle-af603/	Bosq	estimation-fonctionnelle-af603		fulltext	https://doi.org/10.51257/a-v1-af603	Editions T.I.	monograph		2009				probabilites-et-statistique-42101210		P
Statistique bayésienne : les bases									https://www.techniques-ingenieur.fr/base-documentaire/sciences-fondamentales-th8/probabilites-et-statistique-42101210/statistique-bayesienne-les-bases-af605/	Marin	statistique-bayesienne-les-bases-af605		fulltext	https://doi.org/10.51257/a-v1-af605	Editions T.I.	monograph		2009				probabilites-et-statistique-42101210		P
Files d'attente									https://www.techniques-ingenieur.fr/base-documentaire/sciences-fondamentales-th8/probabilites-et-statistique-42101210/files-d-attente-af610/	Lacroix	files-d-attente-af610		fulltext	https://doi.org/10.51257/a-v1-af610	Editions T.I.	monograph		2009				probabilites-et-statistique-42101210		P
Chaînes de Markov									https://www.techniques-ingenieur.fr/base-documentaire/sciences-fondamentales-th8/probabilites-et-statistique-42101210/chaines-de-markov-af612/	Lacroix	chaines-de-markov-af612		fulltext	https://doi.org/10.51257/a-v1-af612	Editions T.I.	monograph		2008				probabilites-et-statistique-42101210		P
Séries temporelles									https://www.techniques-ingenieur.fr/base-documentaire/sciences-fondamentales-th8/probabilites-et-statistique-42101210/series-temporelles-af614/	Aragon	series-temporelles-af614		fulltext	https://doi.org/10.51257/a-v1-af614	Editions T.I.	monograph		2009				probabilites-et-statistique-42101210		P
Modèles de Markov cachés pour l’étiquetage de séquences									https://www.techniques-ingenieur.fr/base-documentaire/sciences-fondamentales-th8/probabilites-et-statistique-42101210/modeles-de-markov-caches-pour-l-etiquetage-de-sequences-af615/	Artières	modeles-de-markov-caches-pour-l-etiquetage-de-sequences-af615		fulltext	https://doi.org/10.51257/a-v1-af615	Editions T.I.	monograph		2013				probabilites-et-statistique-42101210		P
Analyse des données ou statistique exploratoire multidimensionnelle									https://www.techniques-ingenieur.fr/base-documentaire/sciences-fondamentales-th8/probabilites-et-statistique-42101210/analyse-des-donnees-ou-statistique-exploratoire-multidimensionnelle-af620/	Besse	analyse-des-donnees-ou-statistique-exploratoire-multidimensionnelle-af620		fulltext	https://doi.org/10.51257/a-v1-af620	Editions T.I.	monograph		2011				probabilites-et-statistique-42101210		P
Applications des mathématiques									https://www.techniques-ingenieur.fr/base-documentaire/sciences-fondamentales-th8/applications-des-mathematiques-42102210/		applications-des-mathematiques-42102210		fulltext		Editions T.I.	monograph								P
Courbes et surfaces pour la CFAO									https://www.techniques-ingenieur.fr/base-documentaire/sciences-fondamentales-th8/applications-des-mathematiques-42102210/courbes-et-surfaces-pour-la-cfao-a1440/	Bézier	courbes-et-surfaces-pour-la-cfao-a1440		fulltext	https://doi.org/10.51257/a-v1-a1440	Editions T.I.	monograph		1992				applications-des-mathematiques-42102210		P
Systèmes hamiltoniens : un aperçu variationnel									https://www.techniques-ingenieur.fr/base-documentaire/sciences-fondamentales-th8/applications-des-mathematiques-42102210/systemes-hamiltoniens-un-apercu-variationnel-af106/	Bonheure	systemes-hamiltoniens-un-apercu-variationnel-af106		fulltext	https://doi.org/10.51257/a-v1-af106	Editions T.I.	monograph		2008				applications-des-mathematiques-42102210		P
Séparation et contraction de variables en spectroscopie moléculaire - La méthode ICCE									https://www.techniques-ingenieur.fr/base-documentaire/sciences-fondamentales-th8/applications-des-mathematiques-42102210/separation-et-contraction-de-variables-en-spectroscopie-moleculaire-af110/	Cassam-chenaï	separation-et-contraction-de-variables-en-spectroscopie-moleculaire-af110		fulltext	https://doi.org/10.51257/a-v1-af110	Editions T.I.	monograph		2014				applications-des-mathematiques-42102210		P
Catastrophes et chaos dans les systèmes dynamiques									https://www.techniques-ingenieur.fr/base-documentaire/sciences-fondamentales-th8/applications-des-mathematiques-42102210/catastrophes-et-chaos-dans-les-systemes-dynamiques-af1405/	Dang vu-delcarte	catastrophes-et-chaos-dans-les-systemes-dynamiques-af1405		fulltext	https://doi.org/10.51257/a-v1-af1405	Editions T.I.	monograph		2010				applications-des-mathematiques-42102210		P
Courbes et surfaces en géométrie de la CAO									https://www.techniques-ingenieur.fr/base-documentaire/sciences-fondamentales-th8/applications-des-mathematiques-42102210/courbes-et-surfaces-en-geometrie-de-la-cao-af1438/	Gibaru	courbes-et-surfaces-en-geometrie-de-la-cao-af1438		fulltext	https://doi.org/10.51257/a-v1-af1438	Editions T.I.	monograph		2015				applications-des-mathematiques-42102210		P
La transformée de Fourier et ses applications (partie 1)									https://www.techniques-ingenieur.fr/base-documentaire/sciences-fondamentales-th8/applications-des-mathematiques-42102210/la-transformee-de-fourier-et-ses-applications-partie-1-af1440/	Le roux	la-transformee-de-fourier-et-ses-applications-partie-1-af1440		fulltext	https://doi.org/10.51257/a-v1-af1440	Editions T.I.	monograph		2007				applications-des-mathematiques-42102210		P
La transformée de Fourier et ses applications (partie 2)									https://www.techniques-ingenieur.fr/base-documentaire/sciences-fondamentales-th8/applications-des-mathematiques-42102210/la-transformee-de-fourier-et-ses-applications-partie-2-af1441/	Le roux	la-transformee-de-fourier-et-ses-applications-partie-2-af1441		fulltext	https://doi.org/10.51257/a-v1-af1441	Editions T.I.	monograph		2007				applications-des-mathematiques-42102210		P
La transformée de Fourier et ses applications (partie 3)									https://www.techniques-ingenieur.fr/base-documentaire/sciences-fondamentales-th8/applications-des-mathematiques-42102210/la-transformee-de-fourier-et-ses-applications-partie-3-af1442/	Le roux	la-transformee-de-fourier-et-ses-applications-partie-3-af1442		fulltext	https://doi.org/10.51257/a-v1-af1442	Editions T.I.	monograph		2007				applications-des-mathematiques-42102210		P
Turbulence et analyse en paquets d’ondelettes									https://www.techniques-ingenieur.fr/base-documentaire/sciences-fondamentales-th8/applications-des-mathematiques-42102210/turbulence-et-analyse-en-paquets-d-ondelettes-af1445/	Fischer	turbulence-et-analyse-en-paquets-d-ondelettes-af1445		fulltext	https://doi.org/10.51257/a-v1-af1445	Editions T.I.	monograph		2006				applications-des-mathematiques-42102210		P
Modélisation du risque de contamination d'un aliment par son emballage									https://www.techniques-ingenieur.fr/base-documentaire/sciences-fondamentales-th8/applications-des-mathematiques-42102210/modelisation-du-risque-de-contamination-d-un-aliment-par-son-emballage-af1446/	Vitrac	modelisation-du-risque-de-contamination-d-un-aliment-par-son-emballage-af1446		fulltext	https://doi.org/10.51257/a-v1-af1446	Editions T.I.	monograph		2011				applications-des-mathematiques-42102210		P
Analyse multifractale en ondelettes pour l'analyse de données atmosphériques									https://www.techniques-ingenieur.fr/base-documentaire/sciences-fondamentales-th8/applications-des-mathematiques-42102210/analyse-multifractale-en-ondelettes-pour-l-analyse-de-donnees-atmospheriques-af1447/	Fischer	analyse-multifractale-en-ondelettes-pour-l-analyse-de-donnees-atmospheriques-af1447		fulltext	https://doi.org/10.51257/a-v1-af1447	Editions T.I.	monograph		2010				applications-des-mathematiques-42102210		P
Économétrie et théorie des jeux									https://www.techniques-ingenieur.fr/base-documentaire/sciences-fondamentales-th8/applications-des-mathematiques-42102210/econometrie-et-theorie-des-jeux-af1500/	Bouyaux	econometrie-et-theorie-des-jeux-af1500		fulltext	https://doi.org/10.51257/a-v1-af1500	Editions T.I.	monograph		2014				applications-des-mathematiques-42102210		P
Théorie de la décision									https://www.techniques-ingenieur.fr/base-documentaire/sciences-fondamentales-th8/applications-des-mathematiques-42102210/theorie-de-la-decision-af1502/	Jouini	theorie-de-la-decision-af1502		fulltext	https://doi.org/10.51257/a-v1-af1502	Editions T.I.	monograph		2017				applications-des-mathematiques-42102210		P
Reconnaissance des formes									https://www.techniques-ingenieur.fr/base-documentaire/sciences-fondamentales-th8/applications-des-mathematiques-42102210/reconnaissance-des-formes-af1510/	Artieres	reconnaissance-des-formes-af1510		fulltext	https://doi.org/10.51257/a-v1-af1510	Editions T.I.	monograph		2011				applications-des-mathematiques-42102210		P
Morphologie mathématique et traitement d’images									https://www.techniques-ingenieur.fr/base-documentaire/sciences-fondamentales-th8/applications-des-mathematiques-42102210/morphologie-mathematique-et-traitement-d-images-af1515/	Bloch	morphologie-mathematique-et-traitement-d-images-af1515		fulltext	https://doi.org/10.51257/a-v1-af1515	Editions T.I.	monograph		2012				applications-des-mathematiques-42102210		P
Biomathématiques, du discret au continu, au service de la modélisation du vivant									https://www.techniques-ingenieur.fr/base-documentaire/sciences-fondamentales-th8/applications-des-mathematiques-42102210/biomathematiques-du-discret-au-continu-au-service-de-la-modelisation-du-vivant-af1520/	Demongeot	biomathematiques-du-discret-au-continu-au-service-de-la-modelisation-du-vivant-af1520		fulltext	https://doi.org/10.51257/a-v1-af1520	Editions T.I.	monograph		2012				applications-des-mathematiques-42102210		P
Modélisation mathématique et intelligence artificielle en agriculture									https://www.techniques-ingenieur.fr/base-documentaire/sciences-fondamentales-th8/applications-des-mathematiques-42102210/modelisation-mathematique-et-intelligence-artificielle-en-agriculture-af1521/	Carrier	modelisation-mathematique-et-intelligence-artificielle-en-agriculture-af1521		fulltext	https://doi.org/10.51257/a-v1-af1521	Editions T.I.	monograph		2021				applications-des-mathematiques-42102210		P
Modélisation dynamique des congestions routières									https://www.techniques-ingenieur.fr/base-documentaire/sciences-fondamentales-th8/applications-des-mathematiques-42102210/modelisation-dynamique-des-congestions-routieres-af1525/	Duret	modelisation-dynamique-des-congestions-routieres-af1525		fulltext	https://doi.org/10.51257/a-v1-af1525	Editions T.I.	monograph		2014				applications-des-mathematiques-42102210		P
Le classement des sommets dans les réseaux									https://www.techniques-ingenieur.fr/base-documentaire/sciences-fondamentales-th8/applications-des-mathematiques-42102210/le-classement-des-sommets-dans-les-reseaux-af1527/	Brezinski	le-classement-des-sommets-dans-les-reseaux-af1527		fulltext	https://doi.org/10.51257/a-v1-af1527	Editions T.I.	monograph		2017				applications-des-mathematiques-42102210		P
Mathématiques de l’assurance - Principes de base									https://www.techniques-ingenieur.fr/base-documentaire/sciences-fondamentales-th8/applications-des-mathematiques-42102210/mathematiques-de-l-assurance-af1529/	Hess	mathematiques-de-l-assurance-af1529		fulltext	https://doi.org/10.51257/a-v1-af1529	Editions T.I.	monograph		2022				applications-des-mathematiques-42102210		P
Mathématiques financières : évaluation de produits dérivés									https://www.techniques-ingenieur.fr/base-documentaire/sciences-fondamentales-th8/applications-des-mathematiques-42102210/mathematiques-financieres-evaluation-de-produits-derives-af1530/	Lépinette	mathematiques-financieres-evaluation-de-produits-derives-af1530		fulltext	https://doi.org/10.51257/a-v1-af1530	Editions T.I.	monograph		2022				applications-des-mathematiques-42102210		P
Solitons et systèmes intégrables									https://www.techniques-ingenieur.fr/base-documentaire/sciences-fondamentales-th8/applications-des-mathematiques-42102210/solitons-et-systemes-integrables-af163/	Talon	solitons-et-systemes-integrables-af163		fulltext	https://doi.org/10.51257/a-v1-af163	Editions T.I.	monograph		2009				applications-des-mathematiques-42102210		P
Présentation des systèmes dynamiques									https://www.techniques-ingenieur.fr/base-documentaire/sciences-fondamentales-th8/applications-des-mathematiques-42102210/presentation-des-systemes-dynamiques-af180/	Randé	presentation-des-systemes-dynamiques-af180		fulltext	https://doi.org/10.51257/a-v1-af180	Editions T.I.	monograph		1998				applications-des-mathematiques-42102210		P
Comportements asymptotiques dans les systèmes dynamiques									https://www.techniques-ingenieur.fr/base-documentaire/sciences-fondamentales-th8/applications-des-mathematiques-42102210/comportements-asymptotiques-dans-les-systemes-dynamiques-af181/	Randé	comportements-asymptotiques-dans-les-systemes-dynamiques-af181		fulltext	https://doi.org/10.51257/a-v1-af181	Editions T.I.	monograph		1998				applications-des-mathematiques-42102210		P
Introduction à la dérivation fractionnaire - Théorie et applications									https://www.techniques-ingenieur.fr/base-documentaire/sciences-fondamentales-th8/applications-des-mathematiques-42102210/introduction-a-la-derivation-fractionnaire-af510/	Dubois	introduction-a-la-derivation-fractionnaire-af510		fulltext	https://doi.org/10.51257/a-v1-af510	Editions T.I.	monograph		2010				applications-des-mathematiques-42102210		P
